epochs,train_loss,train_cost,val_cost
0,-2.5068164,10.209592,18.537428
1,234.2461,10.478918,17.267347
2,195.61066,10.434253,17.902342
3,194.37091,10.405866,18.20589
