epochs,train_loss,train_cost,val_cost
0,-0.72532463,13.423666,12.138613
1,3.6577241,11.835408,11.530827
