epochs,train_loss,train_cost,val_cost
0,-5.610127,26.350687,42.52457
1,1897.312,27.392313,43.86292
