epochs,train_loss,train_cost,val_cost
0,-2.8230002,10.248393,17.23769
1,177.45117,10.77458,18.386536
2,179.69876,11.040574,17.027512
